<?xml version="1.0" encoding="UTF-8"?>

<!DOCTYPE hibernate-mapping PUBLIC "-//Hibernate/Hibernate Mapping DTD 3.0//EN" "http://hibernate.sourceforge.net/hibernate-mapping-3.0.dtd" >
<hibernate-mapping>

	<class name="com.user.User" table="User_Table">
		<id name="id" type="int" column="user_id">
			<generator class="native" />
		</id>

		<property name="name" type="string"></property>
		<property name="email" type="string"></property>
		<property name="password" type="string"></property>

	</class>


</hibernate-mapping>