<?xml version="1.0" encoding="UTF-8"?>
<!DOCTYPE hibernate-configuration PUBLIC
		"-//Hibernate/Hibernate Configuration DTD 3.0//EN"
		"http://www.hibernate.org/dtd/hibernate-configuration-3.0.dtd">
<hibernate-configuration>
	<session-factory>

		<property name="connection.driver_class">com.microsoft.sqlserver.jdbc.SQLServerDriver</property>
		<property name="connection.url">jdbc:sqlserver://localhost:1433;DatabaseName=crud_jsp;encrypt=false</property>
		<property name="connection.username">sa</property>
		<property name="connection.password">Admin@123</property>
		<property name="dialect">org.hibernate.dialect.SQLServerDialect</property>
		<property name="hbm2ddl.auto">update</property>
		<property name="show_sql">true</property>
		<mapping resource="com/user/user.hbm.xml" />
		
	</session-factory>
</hibernate-configuration>
